{
  "data": [
    {
      "img": "/images/main/cont02_01.png",
      "title": "2021년도 글로벌 AI 제품·서비스고도화 지원기업 모집공고 글로벌 AI 제품·서비스고도화 지원기업 모집공고",
      "date": "2021-11-21 ~ 2021-12-11 18:00 (모집중)",
      "link": "/NoticeDetall/pblanc-10e8368798f048f3aa263433a920166d"
    },
    {
      "img": "/images/main/cont02_02.png",
      "title": "지원기업 모집공고",
      "date": "2021-11-21 ~ 2021-12-11 18:00 (모집중)",
      "link": "/NoticeDetall/pblanc-10e8368798f048f3aa263433a920266d"
    },
    {
      "img": "/images/main/cont02_03.png",
      "title": "2021년도 글로벌 AI 제품·서비스고도화 지원기업 모집공고",
      "date": "2021-11-21 ~ 2021-12-11 18:00 (모집중)",
      "link": "/NoticeDetall/pblanc-10e8368798f048f3aa263433a928988d"
    },
    {
      "img": "/images/common/none-card.png",
      "title": "2021년도 글로벌 AI 제품·서비스고도화 지원기업 모집공고",
      "date": "2021-11-21 ~ 2021-12-11 18:00 (모집중)",
      "link": "/NoticeDetall/pblanc-10e8368798f048f3aa263433a928988d"
    },
    {
      "img": "/images/main/cont02_01.png",
      "title": "2021년도 글로벌 AI 제품·서비스고도화 지원기업 모집공고",
      "date": "2021-11-21 ~ 2021-12-11 18:00 (모집중)",
      "link": "/NoticeDetall/pblanc-10e8368798f048f3aa263433a920166d"
    },
    {
      "img": "/images/main/cont02_01.png",
      "title": "2021년도 글로벌 AI 제품·서비스고도화 지원기업 모집공고 글로벌 AI 제품·서비스고도화 지원기업 모집공고",
      "date": "2021-11-21 ~ 2021-12-11 18:00 (모집중)",
      "link": "/NoticeDetall/pblanc-10e8368798f048f3aa263433a920166d"
    },
    {
      "img": "/images/main/cont02_02.png",
      "title": "지원기업 모집공고",
      "date": "2021-11-21 ~ 2021-12-11 18:00 (모집중)",
      "link": "/NoticeDetall/pblanc-10e8368798f048f3aa263433a920266d"
    },
    {
      "img": "/images/main/cont02_03.png",
      "title": "2021년도 글로벌 AI 제품·서비스고도화 지원기업 모집공고",
      "date": "2021-11-21 ~ 2021-12-11 18:00 (모집중)",
      "link": "/NoticeDetall/pblanc-10e8368798f048f3aa263433a928988d"
    },
    {
      "img": "/images/common/none-card.png",
      "title": "2021년도 글로벌 AI 제품·서비스고도화 지원기업 모집공고",
      "date": "2021-11-21 ~ 2021-12-11 18:00 (모집중)",
      "link": "/NoticeDetall/pblanc-10e8368798f048f3aa263433a928988d"
    },
    {
      "img": "/images/main/cont02_01.png",
      "title": "2021년도 글로벌 AI 제품·서비스고도화 지원기업 모집공고",
      "date": "2021-11-21 ~ 2021-12-11 18:00 (모집중)",
      "link": "/NoticeDetall/pblanc-10e8368798f048f3aa263433a920166d"
    },
    {
      "img": "/images/common/none-card.png",
      "title": "2021년도 글로벌 AI 제품·서비스고도화 지원기업 모집공고",
      "date": "2021-11-21 ~ 2021-12-11 18:00 (모집중)",
      "link": "/NoticeDetall/pblanc-10e8368798f048f3aa263433a928988d"
    },
    {
      "img": "/images/main/cont02_01.png",
      "title": "2021년도 글로벌 AI 제품·서비스고도화 지원기업 모집공고",
      "date": "2021-11-21 ~ 2021-12-11 18:00 (모집중)",
      "link": "/NoticeDetall/pblanc-10e8368798f048f3aa263433a920166d"
    }
  ]
}
